key	text	tooltip
#Loc;1;text/db/adamrogue_mvp_EN.loc	
dilemmas_localised_title_adamrogue_mvp_army_preview_dilemma	Warhammer Spire: Random Starting Army	false
dilemmas_localised_description_adamrogue_mvp_army_preview_dilemma	Your starting army is generated by selecting a random lord from your race and building a matching force around them. A Legendary Lord may appear. You may reroll, return later, or confirm this army to begin the run.	false
cdir_events_dilemma_choice_details_localised_choice_label_adamrogue_mvp_army_preview_dilemmaFIRST	Muster Anew	false
cdir_events_dilemma_choice_details_localised_choice_title_adamrogue_mvp_army_preview_dilemmaFIRST	Dismiss this host and muster a new starting force. Both the lord and the units will be redrawn.	false
cdir_events_dilemma_choice_details_localised_choice_label_adamrogue_mvp_army_preview_dilemmaSECOND	Decide Later	false
cdir_events_dilemma_choice_details_localised_choice_title_adamrogue_mvp_army_preview_dilemmaSECOND	Close this event for now. The current army will remain on the map for inspection, and you may reopen this event at any time from the Warhammer Spire button.	false
cdir_events_dilemma_choice_details_localised_choice_label_adamrogue_mvp_army_preview_dilemmaTHIRD	This Host Will Serve	false
cdir_events_dilemma_choice_details_localised_choice_title_adamrogue_mvp_army_preview_dilemmaTHIRD	Accept this army and begin the climb.	false
dilemmas_localised_title_adamrogue_mvp_opening_dilemma	Warhammer Spire	false
dilemmas_localised_description_adamrogue_mvp_opening_dilemma	Welcome to Warhammer Spire. Heed these words before you begin:\\n\\n1. This mod follows a roguelike structure, with progress driven entirely through events. Do not manually add units or heroes to armies generated by this mod.\\n\\n2. After each battle, all units are fully restored. No battle losses carry over.\\n\\n3. The journey ends only after three consecutive defeats. For pacing, concluding around turn 35 is recommended; enemy rank gives a rough measure of your current stage.\\n\\n4. Battlefield generation depends on your army's position on the campaign map, so you may reposition your force to shape the coming battlefield. Do not move the army into a settlement, however, as that may trigger a siege battle and upset the intended balance.\\n\\n5. MCT support is included for adjusting difficulty multipliers. \\n\\n6. This mod is only guaranteed to support standard subfactions. Some factions with unusual starting positions, such as Aislinn, may not function reliably.	false
cdir_events_dilemma_choice_details_localised_choice_label_adamrogue_mvp_opening_dilemmaFIRST	Hell...it's about time.	false
cdir_events_dilemma_choice_details_localised_choice_title_adamrogue_mvp_opening_dilemmaFIRST	Start your Warhammer Spire run.	false
dilemmas_localised_title_adamrogue_mvp_reward_dilemma	Warhammer Spire: Unit Reward	false
dilemmas_localised_description_adamrogue_mvp_reward_dilemma	Choose a unit reward for this stage.\\n\\nThe value of available units rises as the climb continues.\\n\\nIf your army has limited space, rewards that grant multiple units may only be received in part.	false
cdir_events_dilemma_choice_details_localised_choice_label_adamrogue_mvp_reward_dilemmaFIRST	Recruit Homeland Unit I	false
cdir_events_dilemma_choice_details_localised_choice_title_adamrogue_mvp_reward_dilemmaFIRST	This reward is drawn from your faction's unit pool.	false
cdir_events_dilemma_choice_details_localised_choice_label_adamrogue_mvp_reward_dilemmaSECOND	Recruit Homeland Unit II	false
cdir_events_dilemma_choice_details_localised_choice_title_adamrogue_mvp_reward_dilemmaSECOND	This reward is drawn from your faction's unit pool.	false
cdir_events_dilemma_choice_details_localised_choice_label_adamrogue_mvp_reward_dilemmaTHIRD	Recruit Node Unit	false
cdir_events_dilemma_choice_details_localised_choice_title_adamrogue_mvp_reward_dilemmaTHIRD	This reward is drawn from the unit pool of the current node faction.	false
cdir_events_dilemma_choice_details_localised_choice_label_adamrogue_mvp_reward_dilemmaFOURTH	Decide Later	false
cdir_events_dilemma_choice_details_localised_choice_title_adamrogue_mvp_reward_dilemmaFOURTH	Set this matter aside for now. You may reopen the same reward later from the Warhammer Spire button.	false
cdir_events_dilemma_choice_details_localised_choice_label_adamrogue_mvp_reward_dilemmaFIFTH	Forgo Unit Reward	false
cdir_events_dilemma_choice_details_localised_choice_title_adamrogue_mvp_reward_dilemmaFIFTH	Forgo this stage's unit reward and proceed directly to the next event.	false
dilemmas_localised_title_adamrogue_mvp_battle_dilemma	Warhammer Spire: Battle	false
dilemmas_localised_description_adamrogue_mvp_battle_dilemma	Prepare for the battle ahead. Retreat is forbidden, so this is your last chance to inspect your host before the fighting begins.Ensure that your lord and heroes bear the equipment and skills they require.\\n\\nFallen units will be restored to full strength after battle.\\n\\nYou may also reposition your army on the campaign map beforehand to influence the battlefield.	false
cdir_events_dilemma_choice_details_localised_choice_label_adamrogue_mvp_battle_dilemmaFIRST	To Battle!	false
cdir_events_dilemma_choice_details_localised_choice_title_adamrogue_mvp_battle_dilemmaFIRST	I am prepared. Let the foe come.	false
cdir_events_dilemma_choice_details_localised_choice_label_adamrogue_mvp_battle_dilemmaSECOND	Make Ready	false
cdir_events_dilemma_choice_details_localised_choice_title_adamrogue_mvp_battle_dilemmaSECOND	Take time to marshal your force. You may reopen this battle event later from the Warhammer Spire button.	false
dilemmas_localised_title_adamrogue_mvp_elite_battle_dilemma	Warhammer Spire: Elite Battle	false
dilemmas_localised_description_adamrogue_mvp_elite_battle_dilemma	An elite battle stands before you. The foe is exceptionally powerful, and autoresolve is disabled by default.\\n\\nPrevail, and you will earn the chance to claim an artefact.	false
cdir_events_dilemma_choice_details_localised_choice_label_adamrogue_mvp_elite_battle_dilemmaFIRST	To Battle!	false
cdir_events_dilemma_choice_details_localised_choice_title_adamrogue_mvp_elite_battle_dilemmaFIRST	I am prepared. Let the foe come.	false
cdir_events_dilemma_choice_details_localised_choice_label_adamrogue_mvp_elite_battle_dilemmaSECOND	Make Ready	false
cdir_events_dilemma_choice_details_localised_choice_title_adamrogue_mvp_elite_battle_dilemmaSECOND	Take time to marshal your force. You may reopen this elite battle event later from the Warhammer Spire button.	false
dilemmas_localised_title_adamrogue_mvp_first_defeat_dilemma	Warhammer Spire: Defeat	false
dilemmas_localised_description_adamrogue_mvp_first_defeat_dilemma	Defeat is no stranger to war.\\n\\nAfter each loss, your army and heroes will be restored, but their skills and equipment must be assigned anew. Some items may also have been lost.	false
cdir_events_dilemma_choice_details_localised_choice_label_adamrogue_mvp_first_defeat_dilemmaFIRST	So Be It.	false
cdir_events_dilemma_choice_details_localised_choice_title_adamrogue_mvp_first_defeat_dilemmaFIRST	The climb continues.	false
dilemmas_localised_title_adamrogue_mvp_game_over_dilemma	Warhammer Spire: Journey's End	false
dilemmas_localised_description_adamrogue_mvp_game_over_dilemma	Your army has suffered three defeats in succession. This journey is at an end. Perhaps your host was ill-suited to the trials ahead, or the foe proved the stronger. Regather your thoughts, reconsider your strategy, and return to the main menu when you are ready to begin anew.	false
cdir_events_dilemma_choice_details_localised_choice_label_adamrogue_mvp_game_over_dilemmaFIRST	So Be It.	false
cdir_events_dilemma_choice_details_localised_choice_title_adamrogue_mvp_game_over_dilemmaFIRST	Close this final event.	false
dilemmas_localised_title_adamrogue_mvp_equipment_reward_dilemma	Warhammer Spire: Victor's Reward	false
dilemmas_localised_description_adamrogue_mvp_equipment_reward_dilemma	You are victorious. Choose 1 item from 4 offerings and add it to your faction's inventory.	false
campaign_payload_ui_details_description_adamrogue_reward_payload_confirm_skip	[[col:red]]Forgo Reward[[/col]]	false
campaign_payload_ui_details_description_adamrogue_battle_payload_enter_battle	[[col:red]]Join Battle[[/col]]	false
cdir_events_dilemma_choice_details_localised_choice_label_adamrogue_mvp_equipment_reward_dilemmaFIRST	Take Weapon	false
cdir_events_dilemma_choice_details_localised_choice_title_adamrogue_mvp_equipment_reward_dilemmaFIRST	A fine blade.	false
cdir_events_dilemma_choice_details_localised_choice_label_adamrogue_mvp_equipment_reward_dilemmaSECOND	Take Armour	false
cdir_events_dilemma_choice_details_localised_choice_title_adamrogue_mvp_equipment_reward_dilemmaSECOND	Survival comes first.	false
cdir_events_dilemma_choice_details_localised_choice_label_adamrogue_mvp_equipment_reward_dilemmaTHIRD	Take Arcane Item / Talisman	false
cdir_events_dilemma_choice_details_localised_choice_title_adamrogue_mvp_equipment_reward_dilemmaTHIRD	I need more magic.	false
cdir_events_dilemma_choice_details_localised_choice_label_adamrogue_mvp_equipment_reward_dilemmaFOURTH	Take Wildcard	false
cdir_events_dilemma_choice_details_localised_choice_title_adamrogue_mvp_equipment_reward_dilemmaFOURTH	What have we here?	false
dilemmas_localised_title_adamrogue_mvp_destination_dilemma	Warhammer Spire: Choose Destination	false
dilemmas_localised_description_adamrogue_mvp_destination_dilemma	Choose the next destination on your journey.\\n\\nAt that node, you will face enemies of the chosen faction and gain access to that faction's unit and equipment rewards.	false
mct_adamrogue_title	Warhammer Spire	false
mct_adamrogue_author	Adam	false
mct_adamrogue_description	Adjust Warhammer Spire balance settings, elite battle autoresolve, and logging.	false
mct_adamrogue_main_section	Main Settings	false
mct_adamrogue_player_reward_multiplier_text	Player Reward Multiplier	false
mct_adamrogue_player_reward_multiplier_tooltip	Multiplier applied to player reward value bands. Default: 1.00. Range: 0.00 to 3.00.	false
mct_adamrogue_enemy_value_multiplier_text	Enemy Value Multiplier	false
mct_adamrogue_enemy_value_multiplier_tooltip	Multiplier applied to enemy value budgets. Default: 1.00. Range: 0.00 to 3.00.	false
mct_adamrogue_auto_battle_switch_text	Allow Elite Autoresolve	false
mct_adamrogue_auto_battle_switch_tooltip	If enabled, elite Warhammer Spire battles may use autoresolve. If disabled, autoresolve remains locked for elite battles.	false
mct_adamrogue_logging_enabled_text	Enable Mod Logging	false
mct_adamrogue_logging_enabled_tooltip	If enabled, Warhammer Spire writes debug logs to adamrogue_phase_a_log.txt in the game directory.	false
cdir_events_dilemma_choice_details_localised_choice_label_adamrogue_mvp_destination_dilemmaFIRST	March to Target Faction	false
cdir_events_dilemma_choice_details_localised_choice_title_adamrogue_mvp_destination_dilemmaFIRST	The road onward lies here.	false
cdir_events_dilemma_choice_details_localised_choice_label_adamrogue_mvp_destination_dilemmaSECOND	March to Candidate Faction	false
cdir_events_dilemma_choice_details_localised_choice_title_adamrogue_mvp_destination_dilemmaSECOND	This road may yet prove worthy.	false
cdir_events_dilemma_choice_details_localised_choice_label_adamrogue_mvp_destination_dilemmaTHIRD	Hold to Current Faction	false
cdir_events_dilemma_choice_details_localised_choice_title_adamrogue_mvp_destination_dilemmaTHIRD	There is still profit in remaining here.	false
cdir_events_dilemma_choice_details_localised_choice_label_adamrogue_mvp_destination_dilemmaFOURTH	Decide Later	false
cdir_events_dilemma_choice_details_localised_choice_title_adamrogue_mvp_destination_dilemmaFOURTH	Hold your course for now. You may reopen this event later from the Warhammer Spire button.	false
# AUTO-GENERATED NODE LOC START
adamrogue_destination_node_name_cathay	Cathay	false
adamrogue_destination_node_choice_cathay	Candidate Faction: Cathay	false
campaign_payload_ui_details_description_adamrogue_destination_payload_choice_cathay	[[col:yellow]]Candidate Faction: Cathay[[/col]]	false
campaign_payload_ui_details_description_adamrogue_destination_payload_current_cathay	[[col:yellow]]Current Faction: Cathay[[/col]]	false
adamrogue_destination_node_name_kislev	Kislev	false
adamrogue_destination_node_choice_kislev	Candidate Faction: Kislev	false
campaign_payload_ui_details_description_adamrogue_destination_payload_choice_kislev	[[col:yellow]]Candidate Faction: Kislev[[/col]]	false
campaign_payload_ui_details_description_adamrogue_destination_payload_current_kislev	[[col:yellow]]Current Faction: Kislev[[/col]]	false
adamrogue_destination_node_name_ogres	Ogre Kingdoms	false
adamrogue_destination_node_choice_ogres	Candidate Faction: Ogre Kingdoms	false
campaign_payload_ui_details_description_adamrogue_destination_payload_choice_ogres	[[col:yellow]]Candidate Faction: Ogre Kingdoms[[/col]]	false
campaign_payload_ui_details_description_adamrogue_destination_payload_current_ogres	[[col:yellow]]Current Faction: Ogre Kingdoms[[/col]]	false
adamrogue_destination_node_name_khorne	Khorne	false
adamrogue_destination_node_choice_khorne	Candidate Faction: Khorne	false
campaign_payload_ui_details_description_adamrogue_destination_payload_choice_khorne	[[col:yellow]]Candidate Faction: Khorne[[/col]]	false
campaign_payload_ui_details_description_adamrogue_destination_payload_current_khorne	[[col:yellow]]Current Faction: Khorne[[/col]]	false
adamrogue_destination_node_name_nurgle	Nurgle	false
adamrogue_destination_node_choice_nurgle	Candidate Faction: Nurgle	false
campaign_payload_ui_details_description_adamrogue_destination_payload_choice_nurgle	[[col:yellow]]Candidate Faction: Nurgle[[/col]]	false
campaign_payload_ui_details_description_adamrogue_destination_payload_current_nurgle	[[col:yellow]]Current Faction: Nurgle[[/col]]	false
adamrogue_destination_node_name_tzeentch	Tzeentch	false
adamrogue_destination_node_choice_tzeentch	Candidate Faction: Tzeentch	false
campaign_payload_ui_details_description_adamrogue_destination_payload_choice_tzeentch	[[col:yellow]]Candidate Faction: Tzeentch[[/col]]	false
campaign_payload_ui_details_description_adamrogue_destination_payload_current_tzeentch	[[col:yellow]]Current Faction: Tzeentch[[/col]]	false
adamrogue_destination_node_name_slaanesh	Slaanesh	false
adamrogue_destination_node_choice_slaanesh	Candidate Faction: Slaanesh	false
campaign_payload_ui_details_description_adamrogue_destination_payload_choice_slaanesh	[[col:yellow]]Candidate Faction: Slaanesh[[/col]]	false
campaign_payload_ui_details_description_adamrogue_destination_payload_current_slaanesh	[[col:yellow]]Current Faction: Slaanesh[[/col]]	false
adamrogue_destination_node_name_chaos_dwarfs	Chaos Dwarfs	false
adamrogue_destination_node_choice_chaos_dwarfs	Candidate Faction: Chaos Dwarfs	false
campaign_payload_ui_details_description_adamrogue_destination_payload_choice_chaos_dwarfs	[[col:yellow]]Candidate Faction: Chaos Dwarfs[[/col]]	false
campaign_payload_ui_details_description_adamrogue_destination_payload_current_chaos_dwarfs	[[col:yellow]]Current Faction: Chaos Dwarfs[[/col]]	false
adamrogue_destination_node_name_empire	Empire	false
adamrogue_destination_node_choice_empire	Candidate Faction: Empire	false
campaign_payload_ui_details_description_adamrogue_destination_payload_choice_empire	[[col:yellow]]Candidate Faction: Empire[[/col]]	false
campaign_payload_ui_details_description_adamrogue_destination_payload_current_empire	[[col:yellow]]Current Faction: Empire[[/col]]	false
adamrogue_destination_node_name_dwarfs	Dwarfs	false
adamrogue_destination_node_choice_dwarfs	Candidate Faction: Dwarfs	false
campaign_payload_ui_details_description_adamrogue_destination_payload_choice_dwarfs	[[col:yellow]]Candidate Faction: Dwarfs[[/col]]	false
campaign_payload_ui_details_description_adamrogue_destination_payload_current_dwarfs	[[col:yellow]]Current Faction: Dwarfs[[/col]]	false
adamrogue_destination_node_name_greenskins	Greenskins	false
adamrogue_destination_node_choice_greenskins	Candidate Faction: Greenskins	false
campaign_payload_ui_details_description_adamrogue_destination_payload_choice_greenskins	[[col:yellow]]Candidate Faction: Greenskins[[/col]]	false
campaign_payload_ui_details_description_adamrogue_destination_payload_current_greenskins	[[col:yellow]]Current Faction: Greenskins[[/col]]	false
adamrogue_destination_node_name_vampire_counts	Vampire Counts	false
adamrogue_destination_node_choice_vampire_counts	Candidate Faction: Vampire Counts	false
campaign_payload_ui_details_description_adamrogue_destination_payload_choice_vampire_counts	[[col:yellow]]Candidate Faction: Vampire Counts[[/col]]	false
campaign_payload_ui_details_description_adamrogue_destination_payload_current_vampire_counts	[[col:yellow]]Current Faction: Vampire Counts[[/col]]	false
adamrogue_destination_node_name_bretonnia	Bretonnia	false
adamrogue_destination_node_choice_bretonnia	Candidate Faction: Bretonnia	false
campaign_payload_ui_details_description_adamrogue_destination_payload_choice_bretonnia	[[col:yellow]]Candidate Faction: Bretonnia[[/col]]	false
campaign_payload_ui_details_description_adamrogue_destination_payload_current_bretonnia	[[col:yellow]]Current Faction: Bretonnia[[/col]]	false
adamrogue_destination_node_name_warriors_of_chaos	Warriors of Chaos	false
adamrogue_destination_node_choice_warriors_of_chaos	Candidate Faction: Warriors of Chaos	false
campaign_payload_ui_details_description_adamrogue_destination_payload_choice_warriors_of_chaos	[[col:yellow]]Candidate Faction: Warriors of Chaos[[/col]]	false
campaign_payload_ui_details_description_adamrogue_destination_payload_current_warriors_of_chaos	[[col:yellow]]Current Faction: Warriors of Chaos[[/col]]	false
adamrogue_destination_node_name_beastmen	Beastmen	false
adamrogue_destination_node_choice_beastmen	Candidate Faction: Beastmen	false
campaign_payload_ui_details_description_adamrogue_destination_payload_choice_beastmen	[[col:yellow]]Candidate Faction: Beastmen[[/col]]	false
campaign_payload_ui_details_description_adamrogue_destination_payload_current_beastmen	[[col:yellow]]Current Faction: Beastmen[[/col]]	false
adamrogue_destination_node_name_wood_elves	Wood Elves	false
adamrogue_destination_node_choice_wood_elves	Candidate Faction: Wood Elves	false
campaign_payload_ui_details_description_adamrogue_destination_payload_choice_wood_elves	[[col:yellow]]Candidate Faction: Wood Elves[[/col]]	false
campaign_payload_ui_details_description_adamrogue_destination_payload_current_wood_elves	[[col:yellow]]Current Faction: Wood Elves[[/col]]	false
adamrogue_destination_node_name_norsca	Norsca	false
adamrogue_destination_node_choice_norsca	Candidate Faction: Norsca	false
campaign_payload_ui_details_description_adamrogue_destination_payload_choice_norsca	[[col:yellow]]Candidate Faction: Norsca[[/col]]	false
campaign_payload_ui_details_description_adamrogue_destination_payload_current_norsca	[[col:yellow]]Current Faction: Norsca[[/col]]	false
adamrogue_destination_node_name_high_elves	High Elves	false
adamrogue_destination_node_choice_high_elves	Candidate Faction: High Elves	false
campaign_payload_ui_details_description_adamrogue_destination_payload_choice_high_elves	[[col:yellow]]Candidate Faction: High Elves[[/col]]	false
campaign_payload_ui_details_description_adamrogue_destination_payload_current_high_elves	[[col:yellow]]Current Faction: High Elves[[/col]]	false
adamrogue_destination_node_name_dark_elves	Dark Elves	false
adamrogue_destination_node_choice_dark_elves	Candidate Faction: Dark Elves	false
campaign_payload_ui_details_description_adamrogue_destination_payload_choice_dark_elves	[[col:yellow]]Candidate Faction: Dark Elves[[/col]]	false
campaign_payload_ui_details_description_adamrogue_destination_payload_current_dark_elves	[[col:yellow]]Current Faction: Dark Elves[[/col]]	false
adamrogue_destination_node_name_lizardmen	Lizardmen	false
adamrogue_destination_node_choice_lizardmen	Candidate Faction: Lizardmen	false
campaign_payload_ui_details_description_adamrogue_destination_payload_choice_lizardmen	[[col:yellow]]Candidate Faction: Lizardmen[[/col]]	false
campaign_payload_ui_details_description_adamrogue_destination_payload_current_lizardmen	[[col:yellow]]Current Faction: Lizardmen[[/col]]	false
adamrogue_destination_node_name_skaven	Skaven	false
adamrogue_destination_node_choice_skaven	Candidate Faction: Skaven	false
campaign_payload_ui_details_description_adamrogue_destination_payload_choice_skaven	[[col:yellow]]Candidate Faction: Skaven[[/col]]	false
campaign_payload_ui_details_description_adamrogue_destination_payload_current_skaven	[[col:yellow]]Current Faction: Skaven[[/col]]	false
adamrogue_destination_node_name_tomb_kings	Tomb Kings	false
adamrogue_destination_node_choice_tomb_kings	Candidate Faction: Tomb Kings	false
campaign_payload_ui_details_description_adamrogue_destination_payload_choice_tomb_kings	[[col:yellow]]Candidate Faction: Tomb Kings[[/col]]	false
campaign_payload_ui_details_description_adamrogue_destination_payload_current_tomb_kings	[[col:yellow]]Current Faction: Tomb Kings[[/col]]	false
adamrogue_destination_node_name_vampire_coast	Vampire Coast	false
adamrogue_destination_node_choice_vampire_coast	Candidate Faction: Vampire Coast	false
campaign_payload_ui_details_description_adamrogue_destination_payload_choice_vampire_coast	[[col:yellow]]Candidate Faction: Vampire Coast[[/col]]	false
campaign_payload_ui_details_description_adamrogue_destination_payload_current_vampire_coast	[[col:yellow]]Current Faction: Vampire Coast[[/col]]	false
adamrogue_destination_node_name_daemons_of_chaos	Daemons of Chaos	false
adamrogue_destination_node_choice_daemons_of_chaos	Candidate Faction: Daemons of Chaos	false
campaign_payload_ui_details_description_adamrogue_destination_payload_choice_daemons_of_chaos	[[col:yellow]]Candidate Faction: Daemons of Chaos[[/col]]	false
campaign_payload_ui_details_description_adamrogue_destination_payload_current_daemons_of_chaos	[[col:yellow]]Current Faction: Daemons of Chaos[[/col]]	false
campaign_payload_ui_details_description_adamrogue_destination_payload_delay	[[col:yellow]]Keep the current candidates and choose again the next time you press the button.[[/col]]	false
# AUTO-GENERATED NODE LOC END
campaign_localised_strings_button_adamrogue_phase_a_title	Warhammer Spire	false
campaign_localised_strings_button_adamrogue_phase_a_tooltip	Begin a Warhammer Spire run, or resume an unfinished chain of events from where you last left it.	false
dilemmas_localised_title_adamrogue_mvp_hero_reward_dilemma	Warhammer Spire: Hero Reward	false
dilemmas_localised_description_adamrogue_mvp_hero_reward_dilemma	This stage offers you a choice of 1 from 3 heroes drawn from your own faction. Selecting a hero will replace this stage's normal unit reward.	false
cdir_events_dilemma_choice_details_localised_choice_label_adamrogue_mvp_hero_reward_dilemmaFIRST	Recruit Hero I	false
cdir_events_dilemma_choice_details_localised_choice_title_adamrogue_mvp_hero_reward_dilemmaFIRST	Recruit the first hero shown below. If your army has room, this hero will join your current Rogue force and be raised to the current stage's level.	false
cdir_events_dilemma_choice_details_localised_choice_label_adamrogue_mvp_hero_reward_dilemmaSECOND	Recruit Hero II	false
cdir_events_dilemma_choice_details_localised_choice_title_adamrogue_mvp_hero_reward_dilemmaSECOND	Recruit the second hero shown below. If your army has room, this hero will join your current Rogue force and be raised to the current stage's level.	false
cdir_events_dilemma_choice_details_localised_choice_label_adamrogue_mvp_hero_reward_dilemmaTHIRD	Recruit Hero III	false
cdir_events_dilemma_choice_details_localised_choice_title_adamrogue_mvp_hero_reward_dilemmaTHIRD	Recruit the third hero shown below. If your army has room, this hero will join your current Rogue force and be raised to the current stage's level.	false
cdir_events_dilemma_choice_details_localised_choice_label_adamrogue_mvp_hero_reward_dilemmaFOURTH	Decide Later	false
cdir_events_dilemma_choice_details_localised_choice_title_adamrogue_mvp_hero_reward_dilemmaFOURTH	Set this matter aside for now. You may reopen the same hero selection later from the Warhammer Spire button.	false
cdir_events_dilemma_choice_details_localised_choice_label_adamrogue_mvp_hero_reward_dilemmaFIFTH	Take Unit Reward Instead	false
cdir_events_dilemma_choice_details_localised_choice_title_adamrogue_mvp_hero_reward_dilemmaFIFTH	Forgo this stage's hero reward and proceed to the normal unit reward event instead. The usual battle flow will still follow.	false
dilemmas_localised_title_adamrogue_mvp_hero_reward_full_dilemma	Warhammer Spire: Army Is Full	false
dilemmas_localised_description_adamrogue_mvp_hero_reward_full_dilemma	Your current Rogue force already stands at 20 units, and no further hero may join it. Make room within the army, or return to the reward page and choose another option.	false
cdir_events_dilemma_choice_details_localised_choice_label_adamrogue_mvp_hero_reward_full_dilemmaFIRST	Return to Rewards	false
cdir_events_dilemma_choice_details_localised_choice_title_adamrogue_mvp_hero_reward_full_dilemmaFIRST	Return to the previous page of hero reward candidates.	false
campaign_payload_ui_details_description_adamrogue_hero_reward_payload_wh3_main_cth_alchemist	[[col:yellow]]Hero candidate: Alchemist[[/col]]	false
campaign_payload_ui_details_description_adamrogue_hero_reward_payload_wh3_main_cth_astromancer	[[col:yellow]]Hero candidate: Astromancer[[/col]]	false
campaign_payload_ui_details_description_adamrogue_hero_reward_payload_wh3_cp1_cth_cha_taoyan	[[col:yellow]]Hero candidate: Legendary Hero[[/col]]	false
campaign_payload_ui_details_description_adamrogue_hero_reward_payload_wh3_dlc24_cth_gate_master	[[col:yellow]]Hero candidate: {{tr:agent_culture_details_onscreen_name_372558352}}[[/col]]	false
campaign_payload_ui_details_description_adamrogue_hero_reward_payload_wh3_cp1_cth_clawspeaker_beasts	[[col:yellow]]Hero candidate: Clawspeaker (Beasts)[[/col]]	false
campaign_payload_ui_details_description_adamrogue_hero_reward_payload_wh3_cp1_cth_clawspeaker_life	[[col:yellow]]Hero candidate: Clawspeaker (Life)[[/col]]	false
campaign_payload_ui_details_description_adamrogue_hero_reward_payload_wh3_cp1_cth_clawspeaker_shadows	[[col:yellow]]Hero candidate: Clawspeaker (Shadows)[[/col]]	false
campaign_payload_ui_details_description_adamrogue_hero_reward_payload_wh3_dlc24_cth_saytang_the_watcher	[[col:yellow]]Hero candidate: Legendary Hero[[/col]]	false
campaign_payload_ui_details_description_adamrogue_hero_reward_payload_wh3_main_ksl_frost_maiden_ice	[[col:yellow]]Hero candidate: Frost Maiden (Ice)[[/col]]	false
campaign_payload_ui_details_description_adamrogue_hero_reward_payload_wh3_main_ksl_frost_maiden_tempest	[[col:yellow]]Hero candidate: Frost Maiden (Tempest)[[/col]]	false
campaign_payload_ui_details_description_adamrogue_hero_reward_payload_wh3_main_ksl_patriarch	[[col:yellow]]Hero candidate: Patriarch[[/col]]	false
campaign_payload_ui_details_description_adamrogue_hero_reward_payload_wh3_dlc23_neu_ulrika	[[col:yellow]]Hero candidate: Legendary Hero[[/col]]	false
campaign_payload_ui_details_description_adamrogue_hero_reward_payload_wh3_dlc24_ksl_hag_witch_beasts	[[col:yellow]]Hero candidate: Hag Witch (Beasts)[[/col]]	false
campaign_payload_ui_details_description_adamrogue_hero_reward_payload_wh3_dlc24_ksl_hag_witch_death	[[col:yellow]]Hero candidate: Hag Witch (Death)[[/col]]	false
campaign_payload_ui_details_description_adamrogue_hero_reward_payload_wh3_dlc24_ksl_hag_witch_hag	[[col:yellow]]Hero candidate: Hag Witch (Hag)[[/col]]	false
campaign_payload_ui_details_description_adamrogue_hero_reward_payload_wh3_dlc24_ksl_hag_witch_shadows	[[col:yellow]]Hero candidate: Hag Witch (Shadows)[[/col]]	false
campaign_payload_ui_details_description_adamrogue_hero_reward_payload_wh3_dlc24_ksl_the_golden_knight	[[col:yellow]]Hero candidate: Legendary Hero[[/col]]	false
campaign_payload_ui_details_description_adamrogue_hero_reward_payload_wh3_dlc26_ogr_cha_butcher_death	[[col:yellow]]Hero candidate: Butcher (Death)[[/col]]	false
campaign_payload_ui_details_description_adamrogue_hero_reward_payload_wh3_dlc26_ogr_cha_butcher_heavens	[[col:yellow]]Hero candidate: Butcher (Heavens)[[/col]]	false
campaign_payload_ui_details_description_adamrogue_hero_reward_payload_wh3_main_ogr_butcher_beasts	[[col:yellow]]Hero candidate: Butcher (Beasts)[[/col]]	false
campaign_payload_ui_details_description_adamrogue_hero_reward_payload_wh3_main_ogr_butcher_great_maw	[[col:yellow]]Hero candidate: Butcher (Great Maw)[[/col]]	false
campaign_payload_ui_details_description_adamrogue_hero_reward_payload_wh3_main_ogr_firebelly	[[col:yellow]]Hero candidate: Firebelly[[/col]]	false
campaign_payload_ui_details_description_adamrogue_hero_reward_payload_wh3_main_ogr_hunter	[[col:yellow]]Hero candidate: Hunter[[/col]]	false
campaign_payload_ui_details_description_adamrogue_hero_reward_payload_wh3_dlc26_ogr_bruiser	[[col:yellow]]Hero candidate: Bruiser[[/col]]	false
campaign_payload_ui_details_description_adamrogue_hero_reward_payload_wh3_dlc26_ogr_bragg_the_gutsman	[[col:yellow]]Hero candidate: Legendary Hero[[/col]]	false
campaign_payload_ui_details_description_adamrogue_hero_reward_payload_wh3_main_kho_bloodreaper	[[col:yellow]]Hero candidate: Bloodreaper[[/col]]	false
campaign_payload_ui_details_description_adamrogue_hero_reward_payload_wh3_main_kho_cultist	[[col:yellow]]Hero candidate: Cultist of Khorne[[/col]]	false
campaign_payload_ui_details_description_adamrogue_hero_reward_payload_wh3_dlc20_chs_exalted_hero_mkho	[[col:yellow]]Hero candidate: Exalted Hero of Khorne[[/col]]	false
campaign_payload_ui_details_description_adamrogue_hero_reward_payload_wh3_pro12_kho_cha_karanak	[[col:yellow]]Hero candidate: Legendary Hero[[/col]]	false
campaign_payload_ui_details_description_adamrogue_hero_reward_payload_wh3_dlc26_kho_scyla_anfingrimm	[[col:yellow]]Hero candidate: Legendary Hero[[/col]]	false
campaign_payload_ui_details_description_adamrogue_hero_reward_payload_wh3_dlc26_kho_skarr_bloodwrath	[[col:yellow]]Hero candidate: Legendary Hero[[/col]]	false
campaign_payload_ui_details_description_adamrogue_hero_reward_payload_wh3_dlc25_chs_sorcerer_death_mnur	[[col:yellow]]Hero candidate: Chaos Sorcerer of Nurgle (Death)[[/col]]	false
campaign_payload_ui_details_description_adamrogue_hero_reward_payload_wh3_dlc25_chs_sorcerer_nurgle_mnur	[[col:yellow]]Hero candidate: Chaos Sorcerer of Nurgle (Nurgle)[[/col]]	false
campaign_payload_ui_details_description_adamrogue_hero_reward_payload_wh3_main_nur_cultist	[[col:yellow]]Hero candidate: Cultist of Nurgle[[/col]]	false
campaign_payload_ui_details_description_adamrogue_hero_reward_payload_wh3_main_nur_plagueridden_death	[[col:yellow]]Hero candidate: Plagueridden (Death)[[/col]]	false
campaign_payload_ui_details_description_adamrogue_hero_reward_payload_wh3_main_nur_plagueridden_nurgle	[[col:yellow]]Hero candidate: Plagueridden (Nurgle)[[/col]]	false
campaign_payload_ui_details_description_adamrogue_hero_reward_payload_wh3_dlc20_chs_exalted_hero_mnur	[[col:yellow]]Hero candidate: Exalted Hero of Nurgle[[/col]]	false
campaign_payload_ui_details_description_adamrogue_hero_reward_payload_wh3_dlc25_nur_kayzk_the_befouled	[[col:yellow]]Hero candidate: Legendary Hero[[/col]]	false
campaign_payload_ui_details_description_adamrogue_hero_reward_payload_wh3_main_tze_cultist	[[col:yellow]]Hero candidate: Cultist of Tzeentch[[/col]]	false
campaign_payload_ui_details_description_adamrogue_hero_reward_payload_wh3_dlc20_chs_sorcerer_metal_mtze	[[col:yellow]]Hero candidate: Chaos Sorcerer of Tzeentch (Metal)[[/col]]	false
campaign_payload_ui_details_description_adamrogue_hero_reward_payload_wh3_dlc20_chs_sorcerer_tzeentch_mtze	[[col:yellow]]Hero candidate: Chaos Sorcerer of Tzeentch (Tzeentch)[[/col]]	false
campaign_payload_ui_details_description_adamrogue_hero_reward_payload_wh3_main_tze_iridescent_horror_metal	[[col:yellow]]Hero candidate: Iridescent Horror (Metal)[[/col]]	false
campaign_payload_ui_details_description_adamrogue_hero_reward_payload_wh3_main_tze_iridescent_horror_tzeentch	[[col:yellow]]Hero candidate: Iridescent Horror (Tzeentch)[[/col]]	false
campaign_payload_ui_details_description_adamrogue_hero_reward_payload_wh3_dlc24_chs_exalted_hero_mtze	[[col:yellow]]Hero candidate: Exalted Hero of Tzeentch[[/col]]	false
campaign_payload_ui_details_description_adamrogue_hero_reward_payload_wh3_dlc24_tze_aekold_helbrass	[[col:yellow]]Hero candidate: Legendary Hero[[/col]]	false
campaign_payload_ui_details_description_adamrogue_hero_reward_payload_wh3_dlc20_chs_sorcerer_shadows_msla	[[col:yellow]]Hero candidate: Chaos Sorcerer of Slaanesh (Shadows)[[/col]]	false
campaign_payload_ui_details_description_adamrogue_hero_reward_payload_wh3_dlc20_chs_sorcerer_slaanesh_msla	[[col:yellow]]Hero candidate: Chaos Sorcerer of Slaanesh (Slaanesh)[[/col]]	false
campaign_payload_ui_details_description_adamrogue_hero_reward_payload_wh3_main_sla_cultist	[[col:yellow]]Hero candidate: Cultist of Slaanesh[[/col]]	false
campaign_payload_ui_details_description_adamrogue_hero_reward_payload_wh3_main_sla_alluress_shadow	[[col:yellow]]Hero candidate: Alluress (Shadows)[[/col]]	false
campaign_payload_ui_details_description_adamrogue_hero_reward_payload_wh3_main_sla_alluress_slaanesh	[[col:yellow]]Hero candidate: Alluress (Slaanesh)[[/col]]	false
campaign_payload_ui_details_description_adamrogue_hero_reward_payload_wh3_dlc27_sla_druchii_anointed	[[col:yellow]]Hero candidate: Druchii Anointed[[/col]]	false
campaign_payload_ui_details_description_adamrogue_hero_reward_payload_wh3_dlc27_chs_exalted_hero_msla	[[col:yellow]]Hero candidate: Exalted Hero of Slaanesh[[/col]]	false
campaign_payload_ui_details_description_adamrogue_hero_reward_payload_wh3_dlc27_sla_styrkaar_the_sortsvinaer	[[col:yellow]]Hero candidate: Legendary Hero[[/col]]	false
campaign_payload_ui_details_description_adamrogue_hero_reward_payload_wh3_dlc23_chd_gorduz_backstabber	[[col:yellow]]Hero candidate: Legendary Hero[[/col]]	false
campaign_payload_ui_details_description_adamrogue_hero_reward_payload_wh3_dlc23_chd_daemonsmith_sorcerer_death	[[col:yellow]]Hero candidate: Daemonsmith Sorcerer (Death)[[/col]]	false
campaign_payload_ui_details_description_adamrogue_hero_reward_payload_wh3_dlc23_chd_daemonsmith_sorcerer_fire	[[col:yellow]]Hero candidate: Daemonsmith Sorcerer (Fire)[[/col]]	false
campaign_payload_ui_details_description_adamrogue_hero_reward_payload_wh3_dlc23_chd_daemonsmith_sorcerer_hashut	[[col:yellow]]Hero candidate: Daemonsmith Sorcerer (Hashut)[[/col]]	false
campaign_payload_ui_details_description_adamrogue_hero_reward_payload_wh3_dlc23_chd_daemonsmith_sorcerer_metal	[[col:yellow]]Hero candidate: Daemonsmith Sorcerer (Metal)[[/col]]	false
campaign_payload_ui_details_description_adamrogue_hero_reward_payload_wh3_dlc23_chd_infernal_castellan	[[col:yellow]]Hero candidate: Infernal Castellan[[/col]]	false
campaign_payload_ui_details_description_adamrogue_hero_reward_payload_wh3_dlc23_chd_bull_centaur_taurruk	[[col:yellow]]Hero candidate: Bull Centaur Taur'ruk[[/col]]	false
campaign_payload_ui_details_description_adamrogue_hero_reward_payload_wh2_pro07_emp_amethyst_wizard	[[col:yellow]]Hero candidate: Amethyst Wizard[[/col]]	false
campaign_payload_ui_details_description_adamrogue_hero_reward_payload_wh3_dlc25_emp_gold_wizard	[[col:yellow]]Hero candidate: Gold Wizard[[/col]]	false
campaign_payload_ui_details_description_adamrogue_hero_reward_payload_wh_dlc03_emp_amber_wizard	[[col:yellow]]Hero candidate: Amber Wizard[[/col]]	false
campaign_payload_ui_details_description_adamrogue_hero_reward_payload_wh_dlc05_emp_grey_wizard	[[col:yellow]]Hero candidate: Grey Wizard[[/col]]	false
campaign_payload_ui_details_description_adamrogue_hero_reward_payload_wh_dlc05_emp_jade_wizard	[[col:yellow]]Hero candidate: Jade Wizard[[/col]]	false
campaign_payload_ui_details_description_adamrogue_hero_reward_payload_wh_main_emp_bright_wizard	[[col:yellow]]Hero candidate: Bright Wizard[[/col]]	false
campaign_payload_ui_details_description_adamrogue_hero_reward_payload_wh_main_emp_celestial_wizard	[[col:yellow]]Hero candidate: Celestial Wizard[[/col]]	false
campaign_payload_ui_details_description_adamrogue_hero_reward_payload_wh_main_emp_light_wizard	[[col:yellow]]Hero candidate: Light Wizard[[/col]]	false
campaign_payload_ui_details_description_adamrogue_hero_reward_payload_wh_main_emp_captain	[[col:yellow]]Hero candidate: Empire Captain[[/col]]	false
campaign_payload_ui_details_description_adamrogue_hero_reward_payload_wh_main_emp_warrior_priest	[[col:yellow]]Hero candidate: Warrior Priest[[/col]]	false
campaign_payload_ui_details_description_adamrogue_hero_reward_payload_wh_main_emp_witch_hunter	[[col:yellow]]Hero candidate: Witch Hunter[[/col]]	false
campaign_payload_ui_details_description_adamrogue_hero_reward_payload_wh3_dlc25_emp_engineer	[[col:yellow]]Hero candidate: Engineer[[/col]]	false
campaign_payload_ui_details_description_adamrogue_hero_reward_payload_wh3_dlc25_emp_theodore_bruckner	[[col:yellow]]Hero candidate: Legendary Hero[[/col]]	false
campaign_payload_ui_details_description_adamrogue_hero_reward_payload_wh_main_dwf_runesmith	[[col:yellow]]Hero candidate: Runesmith[[/col]]	false
campaign_payload_ui_details_description_adamrogue_hero_reward_payload_wh_main_dwf_master_engineer	[[col:yellow]]Hero candidate: Master Engineer[[/col]]	false
campaign_payload_ui_details_description_adamrogue_hero_reward_payload_wh_main_dwf_thane	[[col:yellow]]Hero candidate: Thane[[/col]]	false
campaign_payload_ui_details_description_adamrogue_hero_reward_payload_wh3_dlc25_dwf_dragon_slayer	[[col:yellow]]Hero candidate: Dragon Slayer[[/col]]	false
campaign_payload_ui_details_description_adamrogue_hero_reward_payload_wh3_dlc25_dwf_garagrim_ironfist	[[col:yellow]]Hero candidate: Legendary Hero[[/col]]	false
campaign_payload_ui_details_description_adamrogue_hero_reward_payload_wh2_dlc17_dwf_thane_ghost_artifact	[[col:yellow]]Hero candidate: Great Axe Thane[[/col]]	false
campaign_payload_ui_details_description_adamrogue_hero_reward_payload_wh_dlc06_dwf_thane_ghost_1	[[col:yellow]]Hero candidate: Thane[[/col]]	false
campaign_payload_ui_details_description_adamrogue_hero_reward_payload_wh_dlc06_dwf_thane_ghost_2	[[col:yellow]]Hero candidate: Thane[[/col]]	false
campaign_payload_ui_details_description_adamrogue_hero_reward_payload_wh_dlc06_dwf_master_engineer_ghost	[[col:yellow]]Hero candidate: Master Engineer[[/col]]	false
campaign_payload_ui_details_description_adamrogue_hero_reward_payload_wh_dlc06_dwf_runesmith_ghost	[[col:yellow]]Hero candidate: Runesmith[[/col]]	false
campaign_payload_ui_details_description_adamrogue_hero_reward_payload_wh_main_grn_night_goblin_shaman	[[col:yellow]]Hero candidate: Night Goblin Shaman[[/col]]	false
campaign_payload_ui_details_description_adamrogue_hero_reward_payload_wh_main_grn_goblin_big_boss	[[col:yellow]]Hero candidate: Goblin Big Boss[[/col]]	false
campaign_payload_ui_details_description_adamrogue_hero_reward_payload_wh_main_grn_orc_shaman	[[col:yellow]]Hero candidate: Orc Shaman[[/col]]	false
campaign_payload_ui_details_description_adamrogue_hero_reward_payload_wh3_dlc26_grn_night_goblin_big_boss	[[col:yellow]]Hero candidate: Night Goblin Big Boss[[/col]]	false
campaign_payload_ui_details_description_adamrogue_hero_reward_payload_wh2_dlc15_grn_river_troll_hag	[[col:yellow]]Hero candidate: Giant River Troll Hag[[/col]]	false
campaign_payload_ui_details_description_adamrogue_hero_reward_payload_wh3_dlc26_grn_snagla_grobpsit	[[col:yellow]]Hero candidate: Legendary Hero[[/col]]	false
campaign_payload_ui_details_description_adamrogue_hero_reward_payload_wh2_pro09_grn_black_orc_big_boss	[[col:yellow]]Hero candidate: Black Orc Big Boss[[/col]]	false
campaign_payload_ui_details_description_adamrogue_hero_reward_payload_wh_main_vmp_necromancer	[[col:yellow]]Hero candidate: Necromancer[[/col]]	false
campaign_payload_ui_details_description_adamrogue_hero_reward_payload_wh2_dlc17_vmp_kevon_lloydstein	[[col:yellow]]Hero candidate: Wight King[[/col]]	false
campaign_payload_ui_details_description_adamrogue_hero_reward_payload_wh_main_vmp_wight_king	[[col:yellow]]Hero candidate: Wight King[[/col]]	false
campaign_payload_ui_details_description_adamrogue_hero_reward_payload_wh_dlc05_vmp_vampire_shadow	[[col:yellow]]Hero candidate: Vampire (Shadows)[[/col]]	false
campaign_payload_ui_details_description_adamrogue_hero_reward_payload_wh_main_vmp_vampire_death	[[col:yellow]]Hero candidate: Vampire (Death)[[/col]]	false
campaign_payload_ui_details_description_adamrogue_hero_reward_payload_wh_main_vmp_banshee	[[col:yellow]]Hero candidate: Banshee[[/col]]	false
campaign_payload_ui_details_description_adamrogue_hero_reward_payload_wh_dlc07_brt_damsel_beasts	[[col:yellow]]Hero candidate: Damsel (Beasts)[[/col]]	false
campaign_payload_ui_details_description_adamrogue_hero_reward_payload_wh_dlc07_brt_damsel_life	[[col:yellow]]Hero candidate: Damsel (Life)[[/col]]	false
campaign_payload_ui_details_description_adamrogue_hero_reward_payload_wh_main_brt_damsel_heavens	[[col:yellow]]Hero candidate: Damsel (Heavens)[[/col]]	false
campaign_payload_ui_details_description_adamrogue_hero_reward_payload_wh_main_brt_paladin	[[col:yellow]]Hero candidate: Paladin[[/col]]	false
campaign_payload_ui_details_description_adamrogue_hero_reward_payload_wh_dlc07_chs_chaos_sorcerer_shadow	[[col:yellow]]Hero candidate: Chaos Sorcerer (Shadows)[[/col]]	false
campaign_payload_ui_details_description_adamrogue_hero_reward_payload_wh_main_chs_chaos_sorcerer_death	[[col:yellow]]Hero candidate: Chaos Sorcerer (Death)[[/col]]	false
campaign_payload_ui_details_description_adamrogue_hero_reward_payload_wh_main_chs_chaos_sorcerer_fire	[[col:yellow]]Hero candidate: Chaos Sorcerer (Fire)[[/col]]	false
campaign_payload_ui_details_description_adamrogue_hero_reward_payload_wh_main_chs_chaos_sorcerer_metal	[[col:yellow]]Hero candidate: Chaos Sorcerer (Metal)[[/col]]	false
campaign_payload_ui_details_description_adamrogue_hero_reward_payload_wh_main_chs_exalted_hero	[[col:yellow]]Hero candidate: Exalted Hero[[/col]]	false
campaign_payload_ui_details_description_adamrogue_hero_reward_payload_wh3_dlc27_nor_beorg_bearstruck	[[col:yellow]]Hero candidate: Beorg Bearstruck[[/col]]	false
campaign_payload_ui_details_description_adamrogue_hero_reward_payload_wh3_pro11_chs_cha_harald_hammerstorm	[[col:yellow]]Hero candidate: Legendary Hero[[/col]]	false
campaign_payload_ui_details_description_adamrogue_hero_reward_payload_wh_dlc03_bst_bray_shaman_beasts	[[col:yellow]]Hero candidate: Bray-Shaman (Beasts)[[/col]]	false
campaign_payload_ui_details_description_adamrogue_hero_reward_payload_wh_dlc03_bst_bray_shaman_death	[[col:yellow]]Hero candidate: Bray-Shaman (Death)[[/col]]	false
campaign_payload_ui_details_description_adamrogue_hero_reward_payload_wh_dlc03_bst_bray_shaman_shadows	[[col:yellow]]Hero candidate: Bray-Shaman (Shadows)[[/col]]	false
campaign_payload_ui_details_description_adamrogue_hero_reward_payload_wh_dlc03_bst_bray_shaman_wild	[[col:yellow]]Hero candidate: Bray-Shaman (Wild)[[/col]]	false
campaign_payload_ui_details_description_adamrogue_hero_reward_payload_wh2_dlc17_bst_wargor	[[col:yellow]]Hero candidate: Wargor[[/col]]	false
campaign_payload_ui_details_description_adamrogue_hero_reward_payload_wh_dlc03_bst_gorebull	[[col:yellow]]Hero candidate: Gorebull[[/col]]	false
campaign_payload_ui_details_description_adamrogue_hero_reward_payload_wh_dlc05_wef_spellsinger_beasts	[[col:yellow]]Hero candidate: Spellsinger (Beasts)[[/col]]	false
campaign_payload_ui_details_description_adamrogue_hero_reward_payload_wh_dlc05_wef_spellsinger_life	[[col:yellow]]Hero candidate: Spellsinger (Life)[[/col]]	false
campaign_payload_ui_details_description_adamrogue_hero_reward_payload_wh_dlc05_wef_spellsinger_shadow	[[col:yellow]]Hero candidate: Spellsinger (Shadows)[[/col]]	false
campaign_payload_ui_details_description_adamrogue_hero_reward_payload_wh_dlc05_wef_branchwraith	[[col:yellow]]Hero candidate: Branchwraith[[/col]]	false
campaign_payload_ui_details_description_adamrogue_hero_reward_payload_wh_dlc05_wef_waystalker	[[col:yellow]]Hero candidate: Waystalker[[/col]]	false
campaign_payload_ui_details_description_adamrogue_hero_reward_payload_wh2_twa02_wef_glade_captain	[[col:yellow]]Hero candidate: Glade Captain[[/col]]	false
campaign_payload_ui_details_description_adamrogue_hero_reward_payload_wh2_dlc16_wef_ariel	[[col:yellow]]Hero candidate: Avatar of Isha[[/col]]	false
campaign_payload_ui_details_description_adamrogue_hero_reward_payload_wh_dlc08_nor_shaman_sorcerer_death	[[col:yellow]]Hero candidate: Shaman-Sorcerer (Death)[[/col]]	false
campaign_payload_ui_details_description_adamrogue_hero_reward_payload_wh_dlc08_nor_shaman_sorcerer_fire	[[col:yellow]]Hero candidate: Shaman-Sorcerer (Fire)[[/col]]	false
campaign_payload_ui_details_description_adamrogue_hero_reward_payload_wh_dlc08_nor_shaman_sorcerer_metal	[[col:yellow]]Hero candidate: Shaman-Sorcerer (Metal)[[/col]]	false
campaign_payload_ui_details_description_adamrogue_hero_reward_payload_wh_dlc08_nor_fimir_balefiend_fire	[[col:yellow]]Hero candidate: Fimir Balefiend (Fire)[[/col]]	false
campaign_payload_ui_details_description_adamrogue_hero_reward_payload_wh_dlc08_nor_fimir_balefiend_shadow	[[col:yellow]]Hero candidate: Fimir Balefiend (Shadows)[[/col]]	false
campaign_payload_ui_details_description_adamrogue_hero_reward_payload_wh3_dlc27_nor_fimir_noble	[[col:yellow]]Hero candidate: Fimir Noble[[/col]]	false
campaign_payload_ui_details_description_adamrogue_hero_reward_payload_wh_dlc08_nor_skin_wolf_werekin	[[col:yellow]]Hero candidate: Skin Wolf Werekin[[/col]]	false
campaign_payload_ui_details_description_adamrogue_hero_reward_payload_wh3_main_ie_nor_killgore_slaymaim	[[col:yellow]]Hero candidate: Legendary Champion[[/col]]	false
campaign_payload_ui_details_description_adamrogue_hero_reward_payload_wh_dlc08_nor_kihar	[[col:yellow]]Hero candidate: Legendary Sorcerer[[/col]]	false
campaign_payload_ui_details_description_adamrogue_hero_reward_payload_wh2_dlc10_hef_mage_heavens	[[col:yellow]]Hero candidate: Mage (Heavens)[[/col]]	false
campaign_payload_ui_details_description_adamrogue_hero_reward_payload_wh2_dlc10_hef_mage_shadows	[[col:yellow]]Hero candidate: Mage (Shadows)[[/col]]	false
campaign_payload_ui_details_description_adamrogue_hero_reward_payload_wh2_dlc15_hef_mage_beasts	[[col:yellow]]Hero candidate: Mage (Beasts)[[/col]]	false
campaign_payload_ui_details_description_adamrogue_hero_reward_payload_wh2_dlc15_hef_mage_death	[[col:yellow]]Hero candidate: Mage (Death)[[/col]]	false
campaign_payload_ui_details_description_adamrogue_hero_reward_payload_wh2_dlc15_hef_mage_fire	[[col:yellow]]Hero candidate: Mage (Fire)[[/col]]	false
campaign_payload_ui_details_description_adamrogue_hero_reward_payload_wh2_dlc15_hef_mage_metal	[[col:yellow]]Hero candidate: Mage (Metal)[[/col]]	false
campaign_payload_ui_details_description_adamrogue_hero_reward_payload_wh2_main_hef_mage_high	[[col:yellow]]Hero candidate: Mage (High)[[/col]]	false
campaign_payload_ui_details_description_adamrogue_hero_reward_payload_wh2_main_hef_mage_life	[[col:yellow]]Hero candidate: Mage (Life)[[/col]]	false
campaign_payload_ui_details_description_adamrogue_hero_reward_payload_wh2_main_hef_mage_light	[[col:yellow]]Hero candidate: Mage (Light)[[/col]]	false
campaign_payload_ui_details_description_adamrogue_hero_reward_payload_wh3_dlc27_hef_mist_mage	[[col:yellow]]Hero candidate: Mist Mage[[/col]]	false
campaign_payload_ui_details_description_adamrogue_hero_reward_payload_wh2_main_hef_noble	[[col:yellow]]Hero candidate: Noble[[/col]]	false
campaign_payload_ui_details_description_adamrogue_hero_reward_payload_wh2_dlc10_hef_handmaiden	[[col:yellow]]Hero candidate: Handmaiden[[/col]]	false
campaign_payload_ui_details_description_adamrogue_hero_reward_payload_wh2_main_hef_loremaster_of_hoeth	[[col:yellow]]Hero candidate: Loremaster of Hoeth[[/col]]	false
campaign_payload_ui_details_description_adamrogue_hero_reward_payload_wh3_dlc27_hef_caradryan	[[col:yellow]]Hero candidate: Legendary Hero[[/col]]	false
campaign_payload_ui_details_description_adamrogue_hero_reward_payload_wh2_dlc10_def_sorceress_beasts	[[col:yellow]]Hero candidate: Sorceress (Beasts)[[/col]]	false
campaign_payload_ui_details_description_adamrogue_hero_reward_payload_wh2_dlc10_def_sorceress_death	[[col:yellow]]Hero candidate: Sorceress (Death)[[/col]]	false
campaign_payload_ui_details_description_adamrogue_hero_reward_payload_wh2_main_def_sorceress_dark	[[col:yellow]]Hero candidate: Sorceress (Dark)[[/col]]	false
campaign_payload_ui_details_description_adamrogue_hero_reward_payload_wh2_main_def_sorceress_fire	[[col:yellow]]Hero candidate: Sorceress (Fire)[[/col]]	false
campaign_payload_ui_details_description_adamrogue_hero_reward_payload_wh2_main_def_sorceress_shadow	[[col:yellow]]Hero candidate: Sorceress (Shadows)[[/col]]	false
campaign_payload_ui_details_description_adamrogue_hero_reward_payload_wh2_dlc14_def_master	[[col:yellow]]Hero candidate: Master[[/col]]	false
campaign_payload_ui_details_description_adamrogue_hero_reward_payload_wh2_main_def_death_hag	[[col:yellow]]Hero candidate: Death Hag[[/col]]	false
campaign_payload_ui_details_description_adamrogue_hero_reward_payload_wh2_main_def_khainite_assassin	[[col:yellow]]Hero candidate: Khainite Assassin[[/col]]	false
campaign_payload_ui_details_description_adamrogue_hero_reward_payload_wh2_main_lzd_skink_priest_beasts	[[col:yellow]]Hero candidate: Skink Priest (Beasts)[[/col]]	false
campaign_payload_ui_details_description_adamrogue_hero_reward_payload_wh2_main_lzd_skink_priest_heavens	[[col:yellow]]Hero candidate: Skink Priest (Heavens)[[/col]]	false
campaign_payload_ui_details_description_adamrogue_hero_reward_payload_wh2_main_lzd_skink_chief	[[col:yellow]]Hero candidate: Skink Chief[[/col]]	false
campaign_payload_ui_details_description_adamrogue_hero_reward_payload_wh2_main_lzd_saurus_scar_veteran	[[col:yellow]]Hero candidate: Saurus Scar-Veteran[[/col]]	false
campaign_payload_ui_details_description_adamrogue_hero_reward_payload_wh2_dlc12_lzd_lord_kroak	[[col:yellow]]Hero candidate: Legendary Hero[[/col]]	false
campaign_payload_ui_details_description_adamrogue_hero_reward_payload_wh2_dlc17_lzd_skink_oracle_troglodon	[[col:yellow]]Hero candidate: Skink Oracle[[/col]]	false
campaign_payload_ui_details_description_adamrogue_hero_reward_payload_wh2_dlc14_skv_eshin_sorcerer	[[col:yellow]]Hero candidate: Eshin Sorcerer[[/col]]	false
campaign_payload_ui_details_description_adamrogue_hero_reward_payload_wh2_main_skv_warlock_engineer	[[col:yellow]]Hero candidate: Warlock Engineer[[/col]]	false
campaign_payload_ui_details_description_adamrogue_hero_reward_payload_wh2_main_skv_plague_priest	[[col:yellow]]Hero candidate: Plague Priest[[/col]]	false
campaign_payload_ui_details_description_adamrogue_hero_reward_payload_wh2_dlc16_skv_packmaster	[[col:yellow]]Hero candidate: Packmaster[[/col]]	false
campaign_payload_ui_details_description_adamrogue_hero_reward_payload_wh2_main_skv_assassin	[[col:yellow]]Hero candidate: Assassin[[/col]]	false
campaign_payload_ui_details_description_adamrogue_hero_reward_payload_wh2_dlc16_skv_chieftain	[[col:yellow]]Hero candidate: Chieftain[[/col]]	false
campaign_payload_ui_details_description_adamrogue_hero_reward_payload_wh2_dlc16_skv_ghoritch	[[col:yellow]]Hero candidate: Legendary Hero[[/col]]	false
campaign_payload_ui_details_description_adamrogue_hero_reward_payload_wh2_dlc09_tmb_liche_priest_death	[[col:yellow]]Hero candidate: Liche Priest (Death)[[/col]]	false
campaign_payload_ui_details_description_adamrogue_hero_reward_payload_wh2_dlc09_tmb_liche_priest_light	[[col:yellow]]Hero candidate: Liche Priest (Light)[[/col]]	false
campaign_payload_ui_details_description_adamrogue_hero_reward_payload_wh2_dlc09_tmb_liche_priest_nehekhara	[[col:yellow]]Hero candidate: Liche Priest (Nehekhara)[[/col]]	false
campaign_payload_ui_details_description_adamrogue_hero_reward_payload_wh2_dlc09_tmb_liche_priest_shadow	[[col:yellow]]Hero candidate: Liche Priest (Shadows)[[/col]]	false
campaign_payload_ui_details_description_adamrogue_hero_reward_payload_wh2_dlc09_tmb_necrotect	[[col:yellow]]Hero candidate: Necrotect[[/col]]	false
campaign_payload_ui_details_description_adamrogue_hero_reward_payload_wh2_dlc09_tmb_tomb_prince	[[col:yellow]]Hero candidate: Tomb Prince[[/col]]	false
campaign_payload_ui_details_description_adamrogue_hero_reward_payload_wh2_dlc11_cst_fleet_captain_death	[[col:yellow]]Hero candidate: Vampire Fleet Captain (Death)[[/col]]	false
campaign_payload_ui_details_description_adamrogue_hero_reward_payload_wh2_dlc11_cst_fleet_captain_deep	[[col:yellow]]Hero candidate: Vampire Fleet Captain (Deep)[[/col]]	false
campaign_payload_ui_details_description_adamrogue_hero_reward_payload_wh2_dlc11_cst_fleet_captain_vampires	[[col:yellow]]Hero candidate: Vampire Fleet Captain (Vampires)[[/col]]	false
campaign_payload_ui_details_description_adamrogue_hero_reward_payload_wh2_dlc11_cst_gunnery_wight	[[col:yellow]]Hero candidate: Gunnery Wight[[/col]]	false
campaign_payload_ui_details_description_adamrogue_hero_reward_payload_wh2_dlc11_cst_mourngul	[[col:yellow]]Hero candidate: Mourngul Haunter[[/col]]	false
